Scheme,AUROC,size,dataset,model
nll_proportional,0.7262194415479085,Large,coqa,Llama-3.1-8B
nll_quintic,0.7179353493222107,Large,coqa,Llama-3.1-8B
nll_quartic,0.7158498435870699,Large,coqa,Llama-3.1-8B
nll_cubic,0.7151836403661221,Large,coqa,Llama-3.1-8B
nll_squared_negate_end,0.7070733402850191,Large,coqa,Llama-3.1-8B
nll_cubic_negate_end,0.7065809292086663,Large,coqa,Llama-3.1-8B
nll_cubic_middle_focus,0.7045823195458232,Large,coqa,Llama-3.1-8B
nll_sqrt,0.7036264627505503,Large,coqa,Llama-3.1-8B
nll_squared_middle_focus,0.7011354420113544,Large,coqa,Llama-3.1-8B
surprisal,0.6741686942416869,Large,coqa,Llama-3.1-8B
high_uncertainty_only,0.6507067547213533,Large,coqa,Llama-3.1-8B
first_k,0.640771637122002,Large,coqa,Llama-3.1-8B
first_last_k,0.6400185378287568,Large,coqa,Llama-3.1-8B
quadratic_decreasing,0.6374116556598308,Large,coqa,Llama-3.1-8B
unweight_end,0.6357895956436102,Large,coqa,Llama-3.1-8B
exponential_decreasing,0.6347758081334725,Large,coqa,Llama-3.1-8B
linear_decreasing,0.6326903023983317,Large,coqa,Llama-3.1-8B
edges_peak,0.6157745336577453,Large,coqa,Llama-3.1-8B
only_beginning,0.614847642219905,Large,coqa,Llama-3.1-8B
negate_last_20pct,0.61467385007531,Large,coqa,Llama-3.1-8B
uniform,0.6097787046692156,Large,coqa,Llama-3.1-8B
last_k,0.5993222106360792,Large,coqa,Llama-3.1-8B
gaussian_middle,0.5985980767002664,Large,coqa,Llama-3.1-8B
negate_first_3,0.5965705016799907,Large,coqa,Llama-3.1-8B
negate_last_5,0.5923125941374117,Large,coqa,Llama-3.1-8B
low_uncertainty_only,0.5913277719847063,Large,coqa,Llama-3.1-8B
unweight_middle,0.5911829451975438,Large,coqa,Llama-3.1-8B
only_middle,0.5901691576874059,Large,coqa,Llama-3.1-8B
negate_last_3,0.5870408990846947,Large,coqa,Llama-3.1-8B
middle_peak,0.5838547097671185,Large,coqa,Llama-3.1-8B
negate_first_20pct,0.5822036843934655,Large,coqa,Llama-3.1-8B
sar_relevance,0.5777777777777777,Large,coqa,Llama-3.1-8B
recency_bias,0.5745568300312826,Large,coqa,Llama-3.1-8B
hybrid_gaussian_sar_50,0.5703703703703704,Large,coqa,Llama-3.1-8B
linear_increasing,0.5671996292434248,Large,coqa,Llama-3.1-8B
unweight_beginning,0.566243772448152,Large,coqa,Llama-3.1-8B
hybrid_middle_sar_50,0.5629629629629629,Large,coqa,Llama-3.1-8B
hybrid_gaussian_sar_70,0.5555555555555556,Large,coqa,Llama-3.1-8B
exponential_increasing,0.5549762484069053,Large,coqa,Llama-3.1-8B
confidence_proportional,0.5544548719731202,Large,coqa,Llama-3.1-8B
hybrid_middle_sar_70,0.5481481481481482,Large,coqa,Llama-3.1-8B
quadratic_increasing,0.5477928397636427,Large,coqa,Llama-3.1-8B
only_end,0.5121654501216545,Large,coqa,Llama-3.1-8B
quadratic_decreasing,0.680291723202171,Large,coqa,Mistral-7B-Instruct-v0.3
only_beginning,0.6800090456806875,Large,coqa,Mistral-7B-Instruct-v0.3
linear_decreasing,0.6792175486205337,Large,coqa,Mistral-7B-Instruct-v0.3
exponential_decreasing,0.6791892808683854,Large,coqa,Mistral-7B-Instruct-v0.3
unweight_end,0.6767299864314789,Large,coqa,Mistral-7B-Instruct-v0.3
high_uncertainty_only,0.6729421076436002,Large,coqa,Mistral-7B-Instruct-v0.3
low_uncertainty_only,0.6709916327453641,Large,coqa,Mistral-7B-Instruct-v0.3
uniform,0.6688150158299411,Large,coqa,Mistral-7B-Instruct-v0.3
negate_last_3,0.6681931252826774,Large,coqa,Mistral-7B-Instruct-v0.3
surprisal,0.6676560379918588,Large,coqa,Mistral-7B-Instruct-v0.3
negate_last_20pct,0.6675995024875623,Large,coqa,Mistral-7B-Instruct-v0.3
negate_first_20pct,0.6640943012211669,Large,coqa,Mistral-7B-Instruct-v0.3
edges_peak,0.6629353233830846,Large,coqa,Mistral-7B-Instruct-v0.3
gaussian_middle,0.6625961103573044,Large,coqa,Mistral-7B-Instruct-v0.3
negate_last_5,0.6605890999547716,Large,coqa,Mistral-7B-Instruct-v0.3
confidence_proportional,0.6591191768430574,Large,coqa,Mistral-7B-Instruct-v0.3
negate_first_3,0.658271144278607,Large,coqa,Mistral-7B-Instruct-v0.3
unweight_middle,0.6561510628674807,Large,coqa,Mistral-7B-Instruct-v0.3
middle_peak,0.6538896426956128,Large,coqa,Mistral-7B-Instruct-v0.3
first_k,0.6531264133876074,Large,coqa,Mistral-7B-Instruct-v0.3
recency_bias,0.652532790592492,Large,coqa,Mistral-7B-Instruct-v0.3
nll_sqrt,0.6478120759837178,Large,coqa,Mistral-7B-Instruct-v0.3
nll_proportional,0.6395861601085482,Large,coqa,Mistral-7B-Instruct-v0.3
nll_squared_negate_end,0.6385685210312075,Large,coqa,Mistral-7B-Instruct-v0.3
nll_cubic_negate_end,0.6382575757575757,Large,coqa,Mistral-7B-Instruct-v0.3
first_last_k,0.6363919041157848,Large,coqa,Mistral-7B-Instruct-v0.3
linear_increasing,0.6328867028493894,Large,coqa,Mistral-7B-Instruct-v0.3
nll_quintic,0.6325474898236092,Large,coqa,Mistral-7B-Instruct-v0.3
nll_quartic,0.6323213478064224,Large,coqa,Mistral-7B-Instruct-v0.3
nll_cubic,0.6321800090456807,Large,coqa,Mistral-7B-Instruct-v0.3
unweight_beginning,0.6319255992763455,Large,coqa,Mistral-7B-Instruct-v0.3
nll_squared_middle_focus,0.6278833107191316,Large,coqa,Mistral-7B-Instruct-v0.3
only_middle,0.6278833107191315,Large,coqa,Mistral-7B-Instruct-v0.3
nll_cubic_middle_focus,0.6230495251017638,Large,coqa,Mistral-7B-Instruct-v0.3
exponential_increasing,0.6174242424242424,Large,coqa,Mistral-7B-Instruct-v0.3
quadratic_increasing,0.6121099050203528,Large,coqa,Mistral-7B-Instruct-v0.3
last_k,0.6047320217096336,Large,coqa,Mistral-7B-Instruct-v0.3
only_end,0.5894391677973767,Large,coqa,Mistral-7B-Instruct-v0.3
nll_proportional,0.6883566503022219,Large,coqa,Mistral-7B-v0.3-8bit
nll_squared_negate_end,0.6842702687363433,Large,coqa,Mistral-7B-v0.3-8bit
nll_cubic_negate_end,0.6802690201197538,Large,coqa,Mistral-7B-v0.3-8bit
nll_sqrt,0.6764380374017424,Large,coqa,Mistral-7B-v0.3-8bit
nll_cubic,0.675586707908851,Large,coqa,Mistral-7B-v0.3-8bit
nll_quartic,0.6744232242685662,Large,coqa,Mistral-7B-v0.3-8bit
nll_quintic,0.6743380913192771,Large,coqa,Mistral-7B-v0.3-8bit
first_k,0.6657112857913108,Large,coqa,Mistral-7B-v0.3-8bit
quadratic_decreasing,0.6624762337183234,Large,coqa,Mistral-7B-v0.3-8bit
exponential_decreasing,0.6615681489259061,Large,coqa,Mistral-7B-v0.3-8bit
surprisal,0.6593263145946252,Large,coqa,Mistral-7B-v0.3-8bit
nll_cubic_middle_focus,0.6584182298022077,Large,coqa,Mistral-7B-v0.3-8bit
nll_squared_middle_focus,0.6537926728908312,Large,coqa,Mistral-7B-v0.3-8bit
linear_decreasing,0.6529697210477028,Large,coqa,Mistral-7B-v0.3-8bit
first_last_k,0.6450239791140497,Large,coqa,Mistral-7B-v0.3-8bit
unweight_end,0.6422145917875082,Large,coqa,Mistral-7B-v0.3-8bit
only_beginning,0.6397457362581231,Large,coqa,Mistral-7B-v0.3-8bit
high_uncertainty_only,0.6389511620647578,Large,coqa,Mistral-7B-v0.3-8bit
negate_last_20pct,0.6333607650614377,Large,coqa,Mistral-7B-v0.3-8bit
negate_last_5,0.6272028150628566,Large,coqa,Mistral-7B-v0.3-8bit
edges_peak,0.6236839864922388,Large,coqa,Mistral-7B-v0.3-8bit
negate_last_3,0.6191719401799143,Large,coqa,Mistral-7B-v0.3-8bit
uniform,0.6155679786600075,Large,coqa,Mistral-7B-v0.3-8bit
gaussian_middle,0.6047277164505236,Large,coqa,Mistral-7B-v0.3-8bit
low_uncertainty_only,0.601322398478958,Large,coqa,Mistral-7B-v0.3-8bit
unweight_middle,0.6005278242855927,Large,coqa,Mistral-7B-v0.3-8bit
negate_first_3,0.5922415505547831,Large,coqa,Mistral-7B-v0.3-8bit
middle_peak,0.5920996623059679,Large,coqa,Mistral-7B-v0.3-8bit
only_middle,0.5868497970998042,Large,coqa,Mistral-7B-v0.3-8bit
recency_bias,0.5854025369618888,Large,coqa,Mistral-7B-v0.3-8bit
negate_first_20pct,0.5844660745197083,Large,coqa,Mistral-7B-v0.3-8bit
last_k,0.5817701977922188,Large,coqa,Mistral-7B-v0.3-8bit
confidence_proportional,0.5741649876557223,Large,coqa,Mistral-7B-v0.3-8bit
unweight_beginning,0.5702772496381849,Large,coqa,Mistral-7B-v0.3-8bit
linear_increasing,0.5612815346632991,Large,coqa,Mistral-7B-v0.3-8bit
exponential_increasing,0.5479440392746673,Large,coqa,Mistral-7B-v0.3-8bit
quadratic_increasing,0.5411901586310622,Large,coqa,Mistral-7B-v0.3-8bit
only_end,0.5029938420500015,Large,coqa,Mistral-7B-v0.3-8bit
sar_relevance,0.4999999999999999,Large,coqa,Mistral-7B-v0.3-8bit
hybrid_middle_sar_50,0.4444444444444444,Large,coqa,Mistral-7B-v0.3-8bit
hybrid_gaussian_sar_50,0.4444444444444444,Large,coqa,Mistral-7B-v0.3-8bit
hybrid_middle_sar_70,0.4444444444444444,Large,coqa,Mistral-7B-v0.3-8bit
hybrid_gaussian_sar_70,0.4444444444444444,Large,coqa,Mistral-7B-v0.3-8bit
only_beginning,0.6696436363636363,Large,coqa,Qwen3-8B
quadratic_decreasing,0.6654254545454545,Large,coqa,Qwen3-8B
edges_peak,0.6618181818181819,Large,coqa,Qwen3-8B
exponential_decreasing,0.6602472727272727,Large,coqa,Qwen3-8B
first_last_k,0.6575418181818182,Large,coqa,Qwen3-8B
first_k,0.6506181818181819,Large,coqa,Qwen3-8B
linear_decreasing,0.646690909090909,Large,coqa,Qwen3-8B
unweight_middle,0.6435490909090908,Large,coqa,Qwen3-8B
confidence_proportional,0.6349672727272727,Large,coqa,Qwen3-8B
unweight_end,0.6260945454545455,Large,coqa,Qwen3-8B
uniform,0.6241454545454546,Large,coqa,Qwen3-8B
low_uncertainty_only,0.6215272727272727,Large,coqa,Qwen3-8B
high_uncertainty_only,0.6195781818181818,Large,coqa,Qwen3-8B
last_k,0.6190545454545454,Large,coqa,Qwen3-8B
negate_last_20pct,0.6182690909090909,Large,coqa,Qwen3-8B
negate_last_3,0.6072145454545453,Large,coqa,Qwen3-8B
recency_bias,0.605730909090909,Large,coqa,Qwen3-8B
negate_first_3,0.6054109090909091,Large,coqa,Qwen3-8B
sar_relevance,0.6048845767815322,Large,coqa,Qwen3-8B
negate_last_5,0.6032581818181818,Large,coqa,Qwen3-8B
hybrid_gaussian_sar_50,0.6013716962194715,Large,coqa,Qwen3-8B
hybrid_gaussian_sar_70,0.5973569755771161,Large,coqa,Qwen3-8B
hybrid_middle_sar_50,0.5968551354968217,Large,coqa,Qwen3-8B
gaussian_middle,0.5937745454545454,Large,coqa,Qwen3-8B
hybrid_middle_sar_70,0.5915021746403479,Large,coqa,Qwen3-8B
surprisal,0.5867054545454545,Large,coqa,Qwen3-8B
negate_first_20pct,0.5810036363636363,Large,coqa,Qwen3-8B
linear_increasing,0.5757963636363637,Large,coqa,Qwen3-8B
exponential_increasing,0.5743127272727273,Large,coqa,Qwen3-8B
nll_quintic,0.5716945454545455,Large,coqa,Qwen3-8B
middle_peak,0.5702981818181818,Large,coqa,Qwen3-8B
quadratic_increasing,0.5690472727272726,Large,coqa,Qwen3-8B
nll_quartic,0.5688727272727272,Large,coqa,Qwen3-8B
nll_cubic,0.5627345454545454,Large,coqa,Qwen3-8B
only_end,0.5593018181818181,Large,coqa,Qwen3-8B
nll_cubic_middle_focus,0.5591563636363637,Large,coqa,Qwen3-8B
nll_cubic_negate_end,0.5590981818181818,Large,coqa,Qwen3-8B
unweight_beginning,0.5569163636363637,Large,coqa,Qwen3-8B
only_middle,0.55104,Large,coqa,Qwen3-8B
nll_squared_middle_focus,0.5489745454545454,Large,coqa,Qwen3-8B
nll_squared_negate_end,0.5465309090909091,Large,coqa,Qwen3-8B
nll_sqrt,0.5442036363636364,Large,coqa,Qwen3-8B
nll_proportional,0.5428072727272727,Large,coqa,Qwen3-8B
sar_relevance,,Large,squad,Llama-3.1-8B
hybrid_middle_sar_50,,Large,squad,Llama-3.1-8B
hybrid_gaussian_sar_50,,Large,squad,Llama-3.1-8B
hybrid_middle_sar_70,,Large,squad,Llama-3.1-8B
hybrid_gaussian_sar_70,,Large,squad,Llama-3.1-8B
nll_quintic,0.6375189943362343,Large,squad,Llama-3.1-8B
nll_quartic,0.6335129161486394,Large,squad,Llama-3.1-8B
nll_cubic,0.6250863378919741,Large,squad,Llama-3.1-8B
first_k,0.6165216190081503,Large,squad,Llama-3.1-8B
nll_cubic_negate_end,0.6103052907860201,Large,squad,Llama-3.1-8B
first_last_k,0.6101671501588617,Large,squad,Llama-3.1-8B
nll_cubic_middle_focus,0.6057466500897914,Large,squad,Llama-3.1-8B
nll_squared_negate_end,0.5987014781047106,Large,squad,Llama-3.1-8B
confidence_proportional,0.5970437905788093,Large,squad,Llama-3.1-8B
edges_peak,0.5967675093244923,Large,squad,Llama-3.1-8B
low_uncertainty_only,0.5958005249343832,Large,squad,Llama-3.1-8B
uniform,0.5944191186627988,Large,squad,Llama-3.1-8B
last_k,0.5917944467467882,Large,squad,Llama-3.1-8B
quadratic_increasing,0.5915181654924714,Large,squad,Llama-3.1-8B
linear_increasing,0.591103743610996,Large,squad,Llama-3.1-8B
exponential_increasing,0.5906893217295206,Large,squad,Llama-3.1-8B
high_uncertainty_only,0.5887553529493024,Large,squad,Llama-3.1-8B
negate_last_3,0.588617212322144,Large,squad,Llama-3.1-8B
nll_squared_middle_focus,0.5866832435419257,Large,squad,Llama-3.1-8B
nll_proportional,0.5862688216604504,Large,squad,Llama-3.1-8B
recency_bias,0.5832297278629646,Large,squad,Llama-3.1-8B
unweight_end,0.5810194778284293,Large,squad,Llama-3.1-8B
negate_first_3,0.5808813372012709,Large,squad,Llama-3.1-8B
gaussian_middle,0.5797762121840033,Large,squad,Llama-3.1-8B
exponential_decreasing,0.5790855090482111,Large,squad,Llama-3.1-8B
unweight_middle,0.5786710871667357,Large,squad,Llama-3.1-8B
linear_decreasing,0.5783948059124189,Large,squad,Llama-3.1-8B
quadratic_decreasing,0.5778422434037851,Large,squad,Llama-3.1-8B
negate_first_20pct,0.57563199336925,Large,squad,Llama-3.1-8B
unweight_beginning,0.575355712114933,Large,squad,Llama-3.1-8B
negate_last_20pct,0.5730073214532394,Large,squad,Llama-3.1-8B
middle_peak,0.5723166183174472,Large,squad,Llama-3.1-8B
only_end,0.5710733526730212,Large,squad,Llama-3.1-8B
surprisal,0.5692775245199614,Large,squad,Llama-3.1-8B
nll_sqrt,0.5670672744854262,Large,squad,Llama-3.1-8B
negate_last_5,0.5667909932311093,Large,squad,Llama-3.1-8B
only_beginning,0.5520099461251554,Large,squad,Llama-3.1-8B
only_middle,0.550352258599254,Large,squad,Llama-3.1-8B
confidence_proportional,0.7735011102886751,Large,squad,Mistral-7B-Instruct-v0.3
uniform,0.7710954848260547,Large,squad,Mistral-7B-Instruct-v0.3
unweight_end,0.7707253886010363,Large,squad,Mistral-7B-Instruct-v0.3
only_middle,0.7668393782383419,Large,squad,Mistral-7B-Instruct-v0.3
high_uncertainty_only,0.7659141376757956,Large,squad,Mistral-7B-Instruct-v0.3
gaussian_middle,0.765358993338268,Large,squad,Mistral-7B-Instruct-v0.3
low_uncertainty_only,0.7640636565507032,Large,squad,Mistral-7B-Instruct-v0.3
negate_last_3,0.7592524056254626,Large,squad,Mistral-7B-Instruct-v0.3
negate_last_20pct,0.7588823094004441,Large,squad,Mistral-7B-Instruct-v0.3
unweight_beginning,0.7581421169504071,Large,squad,Mistral-7B-Instruct-v0.3
edges_peak,0.7574019245003701,Large,squad,Mistral-7B-Instruct-v0.3
negate_first_20pct,0.7572168763878608,Large,squad,Mistral-7B-Instruct-v0.3
recency_bias,0.756476683937824,Large,squad,Mistral-7B-Instruct-v0.3
linear_decreasing,0.7549962990377498,Large,squad,Mistral-7B-Instruct-v0.3
middle_peak,0.7533308660251665,Large,squad,Mistral-7B-Instruct-v0.3
negate_first_3,0.7490747594374538,Large,squad,Mistral-7B-Instruct-v0.3
surprisal,0.7488897113249445,Large,squad,Mistral-7B-Instruct-v0.3
linear_increasing,0.7368615840118432,Large,squad,Mistral-7B-Instruct-v0.3
exponential_decreasing,0.7337157660991858,Large,squad,Mistral-7B-Instruct-v0.3
quadratic_decreasing,0.7300148038490006,Large,squad,Mistral-7B-Instruct-v0.3
negate_last_5,0.7296447076239823,Large,squad,Mistral-7B-Instruct-v0.3
exponential_increasing,0.7174315321983716,Large,squad,Mistral-7B-Instruct-v0.3
first_last_k,0.711880088823094,Large,squad,Mistral-7B-Instruct-v0.3
first_k,0.7107698001480385,Large,squad,Mistral-7B-Instruct-v0.3
quadratic_increasing,0.7085492227979274,Large,squad,Mistral-7B-Instruct-v0.3
last_k,0.7048482605477425,Large,squad,Mistral-7B-Instruct-v0.3
unweight_middle,0.6922649888971132,Large,squad,Mistral-7B-Instruct-v0.3
nll_sqrt,0.6856032568467801,Large,squad,Mistral-7B-Instruct-v0.3
nll_proportional,0.6689489267209473,Large,squad,Mistral-7B-Instruct-v0.3
nll_squared_middle_focus,0.6667283493708364,Large,squad,Mistral-7B-Instruct-v0.3
nll_cubic_middle_focus,0.6526646928201333,Large,squad,Mistral-7B-Instruct-v0.3
only_beginning,0.648778682457439,Large,squad,Mistral-7B-Instruct-v0.3
nll_cubic,0.6411917098445598,Large,squad,Mistral-7B-Instruct-v0.3
nll_quartic,0.6389711324944486,Large,squad,Mistral-7B-Instruct-v0.3
nll_squared_negate_end,0.637860843819393,Large,squad,Mistral-7B-Instruct-v0.3
nll_quintic,0.6374907475943745,Large,squad,Mistral-7B-Instruct-v0.3
only_end,0.6286084381939304,Large,squad,Mistral-7B-Instruct-v0.3
nll_cubic_negate_end,0.6237971872686899,Large,squad,Mistral-7B-Instruct-v0.3
first_last_k,0.6701846965699209,Large,squad,Mistral-7B-v0.3-8bit
first_k,0.6646563638648071,Large,squad,Mistral-7B-v0.3-8bit
low_uncertainty_only,0.6552330694810906,Large,squad,Mistral-7B-v0.3-8bit
unweight_middle,0.6532227666792312,Large,squad,Mistral-7B-v0.3-8bit
confidence_proportional,0.6523432592034175,Large,squad,Mistral-7B-v0.3-8bit
nll_sqrt,0.6518406835029527,Large,squad,Mistral-7B-v0.3-8bit
edges_peak,0.6509611760271391,Large,squad,Mistral-7B-v0.3-8bit
nll_squared_middle_focus,0.6484482975248146,Large,squad,Mistral-7B-v0.3-8bit
uniform,0.6468149264983037,Large,squad,Mistral-7B-v0.3-8bit
nll_proportional,0.6444276919210955,Large,squad,Mistral-7B-v0.3-8bit
negate_last_3,0.6441764040708632,Large,squad,Mistral-7B-v0.3-8bit
last_k,0.6439251162206308,Large,squad,Mistral-7B-v0.3-8bit
nll_cubic_middle_focus,0.6422917451941199,Large,squad,Mistral-7B-v0.3-8bit
linear_decreasing,0.6414122377183064,Large,squad,Mistral-7B-v0.3-8bit
surprisal,0.6409096620178415,Large,squad,Mistral-7B-v0.3-8bit
gaussian_middle,0.6392762909913307,Large,squad,Mistral-7B-v0.3-8bit
high_uncertainty_only,0.6376429199648196,Large,squad,Mistral-7B-v0.3-8bit
negate_last_20pct,0.63663776856389,Large,squad,Mistral-7B-v0.3-8bit
unweight_beginning,0.6357582610880763,Large,squad,Mistral-7B-v0.3-8bit
negate_first_20pct,0.6334966704359845,Large,squad,Mistral-7B-v0.3-8bit
recency_bias,0.6334966704359843,Large,squad,Mistral-7B-v0.3-8bit
only_end,0.6312350797838925,Large,squad,Mistral-7B-v0.3-8bit
exponential_decreasing,0.63098379193366,Large,squad,Mistral-7B-v0.3-8bit
linear_increasing,0.6287222012815681,Large,squad,Mistral-7B-v0.3-8bit
middle_peak,0.6287222012815681,Large,squad,Mistral-7B-v0.3-8bit
negate_first_3,0.628093981655987,Large,squad,Mistral-7B-v0.3-8bit
quadratic_decreasing,0.6248272396029652,Large,squad,Mistral-7B-v0.3-8bit
exponential_increasing,0.6231938685764544,Large,squad,Mistral-7B-v0.3-8bit
quadratic_increasing,0.6211835657745948,Large,squad,Mistral-7B-v0.3-8bit
negate_last_5,0.6106294760648322,Large,squad,Mistral-7B-v0.3-8bit
unweight_end,0.6086191732629727,Large,squad,Mistral-7B-v0.3-8bit
nll_cubic,0.6038447041085563,Large,squad,Mistral-7B-v0.3-8bit
only_beginning,0.6032164844829753,Large,squad,Mistral-7B-v0.3-8bit
nll_quartic,0.5988189471039075,Large,squad,Mistral-7B-v0.3-8bit
nll_quintic,0.596808644302048,Large,squad,Mistral-7B-v0.3-8bit
nll_squared_negate_end,0.5932906143987939,Large,squad,Mistral-7B-v0.3-8bit
nll_cubic_negate_end,0.5838673200150774,Large,squad,Mistral-7B-v0.3-8bit
only_middle,0.5783389873099636,Large,squad,Mistral-7B-v0.3-8bit
first_k,0.6939432989690721,Large,squad,Qwen3-8B
unweight_end,0.6937285223367697,Large,squad,Qwen3-8B
exponential_decreasing,0.6883591065292096,Large,squad,Qwen3-8B
linear_decreasing,0.6847079037800688,Large,squad,Qwen3-8B
quadratic_decreasing,0.6840635738831615,Large,squad,Qwen3-8B
surprisal,0.6832044673539519,Large,squad,Qwen3-8B
negate_last_5,0.6776202749140893,Large,squad,Qwen3-8B
first_last_k,0.6774054982817869,Large,squad,Qwen3-8B
nll_sqrt,0.676331615120275,Large,squad,Qwen3-8B
only_middle,0.67053264604811,Large,squad,Qwen3-8B
negate_last_20pct,0.6615120274914089,Large,squad,Qwen3-8B
edges_peak,0.6610824742268041,Large,squad,Qwen3-8B
uniform,0.6589347079037801,Large,squad,Qwen3-8B
high_uncertainty_only,0.6580756013745704,Large,squad,Qwen3-8B
low_uncertainty_only,0.6544243986254296,Large,squad,Qwen3-8B
negate_last_3,0.6520618556701031,Large,squad,Qwen3-8B
gaussian_middle,0.6514175257731959,Large,squad,Qwen3-8B
nll_proportional,0.6490549828178694,Large,squad,Qwen3-8B
confidence_proportional,0.6471219931271478,Large,squad,Qwen3-8B
negate_first_20pct,0.6454037800687286,Large,squad,Qwen3-8B
negate_first_3,0.6443298969072165,Large,squad,Qwen3-8B
middle_peak,0.64196735395189,Large,squad,Qwen3-8B
last_k,0.639819587628866,Large,squad,Qwen3-8B
nll_squared_negate_end,0.6398195876288659,Large,squad,Qwen3-8B
nll_cubic_negate_end,0.6378865979381443,Large,squad,Qwen3-8B
only_beginning,0.6374570446735395,Large,squad,Qwen3-8B
unweight_beginning,0.6363831615120276,Large,squad,Qwen3-8B
recency_bias,0.6355240549828179,Large,squad,Qwen3-8B
linear_increasing,0.6301546391752578,Large,squad,Qwen3-8B
unweight_middle,0.6292955326460481,Large,squad,Qwen3-8B
exponential_increasing,0.6219931271477663,Large,squad,Qwen3-8B
quadratic_increasing,0.617053264604811,Large,squad,Qwen3-8B
nll_cubic,0.6069587628865979,Large,squad,Qwen3-8B
nll_quartic,0.6045962199312714,Large,squad,Qwen3-8B
nll_quintic,0.6030927835051546,Large,squad,Qwen3-8B
sar_relevance,0.585858585858586,Large,squad,Qwen3-8B
only_end,0.5822594501718213,Large,squad,Qwen3-8B
hybrid_gaussian_sar_50,0.5757575757575758,Large,squad,Qwen3-8B
hybrid_middle_sar_50,0.5656565656565657,Large,squad,Qwen3-8B
nll_squared_middle_focus,0.5562714776632303,Large,squad,Qwen3-8B
hybrid_middle_sar_70,0.5555555555555556,Large,squad,Qwen3-8B
nll_cubic_middle_focus,0.5530498281786942,Large,squad,Qwen3-8B
hybrid_gaussian_sar_70,0.5454545454545454,Large,squad,Qwen3-8B
nll_proportional,0.7530666666666667,Large,trivia_qa,Llama-3.1-8B
surprisal,0.7506133333333334,Large,trivia_qa,Llama-3.1-8B
nll_sqrt,0.7500800000000001,Large,trivia_qa,Llama-3.1-8B
first_last_k,0.7435733333333334,Large,trivia_qa,Llama-3.1-8B
high_uncertainty_only,0.7326933333333334,Large,trivia_qa,Llama-3.1-8B
edges_peak,0.7249066666666668,Large,trivia_qa,Llama-3.1-8B
nll_cubic,0.7211733333333334,Large,trivia_qa,Llama-3.1-8B
nll_quartic,0.71584,Large,trivia_qa,Llama-3.1-8B
first_k,0.7154133333333332,Large,trivia_qa,Llama-3.1-8B
uniform,0.7152,Large,trivia_qa,Llama-3.1-8B
nll_quintic,0.7125333333333335,Large,trivia_qa,Llama-3.1-8B
low_uncertainty_only,0.7096533333333332,Large,trivia_qa,Llama-3.1-8B
recency_bias,0.70848,Large,trivia_qa,Llama-3.1-8B
quadratic_decreasing,0.70752,Large,trivia_qa,Llama-3.1-8B
exponential_decreasing,0.70656,Large,trivia_qa,Llama-3.1-8B
linear_decreasing,0.7058133333333333,Large,trivia_qa,Llama-3.1-8B
nll_cubic_negate_end,0.7034666666666667,Large,trivia_qa,Llama-3.1-8B
unweight_middle,0.70272,Large,trivia_qa,Llama-3.1-8B
negate_last_5,0.7009066666666667,Large,trivia_qa,Llama-3.1-8B
negate_first_3,0.7005866666666667,Large,trivia_qa,Llama-3.1-8B
nll_squared_middle_focus,0.6996266666666666,Large,trivia_qa,Llama-3.1-8B
nll_squared_negate_end,0.6983466666666667,Large,trivia_qa,Llama-3.1-8B
negate_first_20pct,0.6911999999999999,Large,trivia_qa,Llama-3.1-8B
gaussian_middle,0.6898133333333334,Large,trivia_qa,Llama-3.1-8B
negate_last_20pct,0.6876800000000001,Large,trivia_qa,Llama-3.1-8B
negate_last_3,0.6868266666666666,Large,trivia_qa,Llama-3.1-8B
unweight_end,0.6849066666666667,Large,trivia_qa,Llama-3.1-8B
nll_cubic_middle_focus,0.6819200000000001,Large,trivia_qa,Llama-3.1-8B
linear_increasing,0.6785066666666666,Large,trivia_qa,Llama-3.1-8B
last_k,0.6754133333333333,Large,trivia_qa,Llama-3.1-8B
confidence_proportional,0.67456,Large,trivia_qa,Llama-3.1-8B
unweight_beginning,0.6727466666666666,Large,trivia_qa,Llama-3.1-8B
only_beginning,0.6698666666666667,Large,trivia_qa,Llama-3.1-8B
exponential_increasing,0.6632533333333333,Large,trivia_qa,Llama-3.1-8B
quadratic_increasing,0.6557866666666666,Large,trivia_qa,Llama-3.1-8B
middle_peak,0.6546133333333334,Large,trivia_qa,Llama-3.1-8B
only_middle,0.6010666666666666,Large,trivia_qa,Llama-3.1-8B
only_end,0.5942400000000001,Large,trivia_qa,Llama-3.1-8B
sar_relevance,0.0,Large,trivia_qa,Llama-3.1-8B
hybrid_middle_sar_50,0.0,Large,trivia_qa,Llama-3.1-8B
hybrid_gaussian_sar_50,0.0,Large,trivia_qa,Llama-3.1-8B
hybrid_middle_sar_70,0.0,Large,trivia_qa,Llama-3.1-8B
hybrid_gaussian_sar_70,0.0,Large,trivia_qa,Llama-3.1-8B
linear_decreasing,1.0,Large,trivia_qa,Llama-3.1-8B-Instruct
quadratic_decreasing,1.0,Large,trivia_qa,Llama-3.1-8B-Instruct
exponential_decreasing,1.0,Large,trivia_qa,Llama-3.1-8B-Instruct
sar_relevance,1.0,Large,trivia_qa,Llama-3.1-8B-Instruct
hybrid_middle_sar_50,1.0,Large,trivia_qa,Llama-3.1-8B-Instruct
hybrid_gaussian_sar_50,1.0,Large,trivia_qa,Llama-3.1-8B-Instruct
hybrid_gaussian_sar_70,1.0,Large,trivia_qa,Llama-3.1-8B-Instruct
unweight_end,1.0,Large,trivia_qa,Llama-3.1-8B-Instruct
only_beginning,1.0,Large,trivia_qa,Llama-3.1-8B-Instruct
edges_peak,0.9375,Large,trivia_qa,Llama-3.1-8B-Instruct
confidence_proportional,0.9375,Large,trivia_qa,Llama-3.1-8B-Instruct
first_k,0.9375,Large,trivia_qa,Llama-3.1-8B-Instruct
first_last_k,0.9375,Large,trivia_qa,Llama-3.1-8B-Instruct
negate_last_20pct,0.9375,Large,trivia_qa,Llama-3.1-8B-Instruct
unweight_middle,0.9375,Large,trivia_qa,Llama-3.1-8B-Instruct
recency_bias,0.875,Large,trivia_qa,Llama-3.1-8B-Instruct
high_uncertainty_only,0.875,Large,trivia_qa,Llama-3.1-8B-Instruct
negate_last_3,0.875,Large,trivia_qa,Llama-3.1-8B-Instruct
uniform,0.8125,Large,trivia_qa,Llama-3.1-8B-Instruct
gaussian_middle,0.8125,Large,trivia_qa,Llama-3.1-8B-Instruct
nll_proportional,0.8125,Large,trivia_qa,Llama-3.1-8B-Instruct
surprisal,0.8125,Large,trivia_qa,Llama-3.1-8B-Instruct
low_uncertainty_only,0.8125,Large,trivia_qa,Llama-3.1-8B-Instruct
nll_sqrt,0.8125,Large,trivia_qa,Llama-3.1-8B-Instruct
negate_last_5,0.8125,Large,trivia_qa,Llama-3.1-8B-Instruct
negate_first_3,0.8125,Large,trivia_qa,Llama-3.1-8B-Instruct
hybrid_middle_sar_70,0.8,Large,trivia_qa,Llama-3.1-8B-Instruct
quadratic_increasing,0.75,Large,trivia_qa,Llama-3.1-8B-Instruct
exponential_increasing,0.75,Large,trivia_qa,Llama-3.1-8B-Instruct
last_k,0.75,Large,trivia_qa,Llama-3.1-8B-Instruct
nll_cubic,0.75,Large,trivia_qa,Llama-3.1-8B-Instruct
nll_quartic,0.75,Large,trivia_qa,Llama-3.1-8B-Instruct
nll_quintic,0.75,Large,trivia_qa,Llama-3.1-8B-Instruct
negate_first_20pct,0.75,Large,trivia_qa,Llama-3.1-8B-Instruct
nll_squared_negate_end,0.75,Large,trivia_qa,Llama-3.1-8B-Instruct
nll_cubic_negate_end,0.75,Large,trivia_qa,Llama-3.1-8B-Instruct
linear_increasing,0.6875,Large,trivia_qa,Llama-3.1-8B-Instruct
only_end,0.6875,Large,trivia_qa,Llama-3.1-8B-Instruct
only_middle,0.5625,Large,trivia_qa,Llama-3.1-8B-Instruct
unweight_beginning,0.5,Large,trivia_qa,Llama-3.1-8B-Instruct
nll_squared_middle_focus,0.5,Large,trivia_qa,Llama-3.1-8B-Instruct
nll_cubic_middle_focus,0.5,Large,trivia_qa,Llama-3.1-8B-Instruct
middle_peak,0.3125,Large,trivia_qa,Llama-3.1-8B-Instruct
low_uncertainty_only,0.783203125,Large,trivia_qa,Mistral-7B-Instruct-v0.3
uniform,0.776749320652174,Large,trivia_qa,Mistral-7B-Instruct-v0.3
high_uncertainty_only,0.7746263586956523,Large,trivia_qa,Mistral-7B-Instruct-v0.3
negate_first_3,0.7736073369565217,Large,trivia_qa,Mistral-7B-Instruct-v0.3
negate_first_20pct,0.7718240489130435,Large,trivia_qa,Mistral-7B-Instruct-v0.3
gaussian_middle,0.7692764945652174,Large,trivia_qa,Mistral-7B-Instruct-v0.3
confidence_proportional,0.7652853260869567,Large,trivia_qa,Mistral-7B-Instruct-v0.3
surprisal,0.7652004076086957,Large,trivia_qa,Mistral-7B-Instruct-v0.3
negate_last_3,0.763756793478261,Large,trivia_qa,Mistral-7B-Instruct-v0.3
negate_last_20pct,0.7607846467391304,Large,trivia_qa,Mistral-7B-Instruct-v0.3
nll_sqrt,0.7550951086956522,Large,trivia_qa,Mistral-7B-Instruct-v0.3
linear_decreasing,0.75390625,Large,trivia_qa,Mistral-7B-Instruct-v0.3
middle_peak,0.7516134510869565,Large,trivia_qa,Mistral-7B-Instruct-v0.3
linear_increasing,0.7496603260869565,Large,trivia_qa,Mistral-7B-Instruct-v0.3
recency_bias,0.7487262228260869,Large,trivia_qa,Mistral-7B-Instruct-v0.3
unweight_end,0.7486413043478262,Large,trivia_qa,Mistral-7B-Instruct-v0.3
edges_peak,0.7479619565217392,Large,trivia_qa,Mistral-7B-Instruct-v0.3
last_k,0.7477921195652175,Large,trivia_qa,Mistral-7B-Instruct-v0.3
negate_last_5,0.745499320652174,Large,trivia_qa,Mistral-7B-Instruct-v0.3
unweight_middle,0.7355638586956522,Large,trivia_qa,Mistral-7B-Instruct-v0.3
unweight_beginning,0.7353091032608695,Large,trivia_qa,Mistral-7B-Instruct-v0.3
first_last_k,0.733016304347826,Large,trivia_qa,Mistral-7B-Instruct-v0.3
exponential_increasing,0.7322520380434783,Large,trivia_qa,Mistral-7B-Instruct-v0.3
nll_proportional,0.7289402173913043,Large,trivia_qa,Mistral-7B-Instruct-v0.3
exponential_decreasing,0.7271569293478262,Large,trivia_qa,Mistral-7B-Instruct-v0.3
quadratic_increasing,0.7250339673913044,Large,trivia_qa,Mistral-7B-Instruct-v0.3
nll_quintic,0.7234205163043479,Large,trivia_qa,Mistral-7B-Instruct-v0.3
nll_squared_negate_end,0.7218919836956522,Large,trivia_qa,Mistral-7B-Instruct-v0.3
nll_cubic_negate_end,0.7216372282608695,Large,trivia_qa,Mistral-7B-Instruct-v0.3
nll_cubic_middle_focus,0.7212126358695653,Large,trivia_qa,Mistral-7B-Instruct-v0.3
nll_quartic,0.7196841032608696,Large,trivia_qa,Mistral-7B-Instruct-v0.3
nll_squared_middle_focus,0.7184103260869565,Large,trivia_qa,Mistral-7B-Instruct-v0.3
quadratic_decreasing,0.7175611413043478,Large,trivia_qa,Mistral-7B-Instruct-v0.3
nll_cubic,0.7133152173913043,Large,trivia_qa,Mistral-7B-Instruct-v0.3
only_middle,0.7117017663043479,Large,trivia_qa,Mistral-7B-Instruct-v0.3
first_k,0.7086447010869565,Large,trivia_qa,Mistral-7B-Instruct-v0.3
only_beginning,0.6983695652173914,Large,trivia_qa,Mistral-7B-Instruct-v0.3
only_end,0.6540421195652174,Large,trivia_qa,Mistral-7B-Instruct-v0.3
nll_proportional,0.8075675675675676,Large,trivia_qa,Mistral-7B-v0.3-8bit
surprisal,0.8,Large,trivia_qa,Mistral-7B-v0.3-8bit
nll_sqrt,0.7973873873873875,Large,trivia_qa,Mistral-7B-v0.3-8bit
edges_peak,0.7851351351351351,Large,trivia_qa,Mistral-7B-v0.3-8bit
nll_quintic,0.7844144144144144,Large,trivia_qa,Mistral-7B-v0.3-8bit
nll_cubic,0.7833333333333333,Large,trivia_qa,Mistral-7B-v0.3-8bit
nll_quartic,0.7833333333333333,Large,trivia_qa,Mistral-7B-v0.3-8bit
first_last_k,0.7818018018018018,Large,trivia_qa,Mistral-7B-v0.3-8bit
high_uncertainty_only,0.7678378378378379,Large,trivia_qa,Mistral-7B-v0.3-8bit
unweight_middle,0.765045045045045,Large,trivia_qa,Mistral-7B-v0.3-8bit
uniform,0.7602702702702703,Large,trivia_qa,Mistral-7B-v0.3-8bit
low_uncertainty_only,0.7599099099099098,Large,trivia_qa,Mistral-7B-v0.3-8bit
exponential_decreasing,0.7581981981981982,Large,trivia_qa,Mistral-7B-v0.3-8bit
quadratic_decreasing,0.7550450450450451,Large,trivia_qa,Mistral-7B-v0.3-8bit
last_k,0.7548648648648648,Large,trivia_qa,Mistral-7B-v0.3-8bit
first_k,0.754054054054054,Large,trivia_qa,Mistral-7B-v0.3-8bit
nll_squared_negate_end,0.7536036036036037,Large,trivia_qa,Mistral-7B-v0.3-8bit
linear_decreasing,0.7527927927927928,Large,trivia_qa,Mistral-7B-v0.3-8bit
recency_bias,0.7498198198198198,Large,trivia_qa,Mistral-7B-v0.3-8bit
nll_cubic_negate_end,0.7418018018018018,Large,trivia_qa,Mistral-7B-v0.3-8bit
unweight_end,0.7354954954954955,Large,trivia_qa,Mistral-7B-v0.3-8bit
negate_first_3,0.7324324324324325,Large,trivia_qa,Mistral-7B-v0.3-8bit
linear_increasing,0.7290990990990991,Large,trivia_qa,Mistral-7B-v0.3-8bit
only_beginning,0.7275675675675676,Large,trivia_qa,Mistral-7B-v0.3-8bit
negate_last_5,0.727027027027027,Large,trivia_qa,Mistral-7B-v0.3-8bit
nll_squared_middle_focus,0.7268468468468469,Large,trivia_qa,Mistral-7B-v0.3-8bit
gaussian_middle,0.7263963963963964,Large,trivia_qa,Mistral-7B-v0.3-8bit
exponential_increasing,0.7254054054054053,Large,trivia_qa,Mistral-7B-v0.3-8bit
negate_last_3,0.7227027027027028,Large,trivia_qa,Mistral-7B-v0.3-8bit
negate_last_20pct,0.7227027027027028,Large,trivia_qa,Mistral-7B-v0.3-8bit
confidence_proportional,0.7224324324324325,Large,trivia_qa,Mistral-7B-v0.3-8bit
nll_cubic_middle_focus,0.7167567567567568,Large,trivia_qa,Mistral-7B-v0.3-8bit
quadratic_increasing,0.7154954954954956,Large,trivia_qa,Mistral-7B-v0.3-8bit
negate_first_20pct,0.7153153153153153,Large,trivia_qa,Mistral-7B-v0.3-8bit
unweight_beginning,0.712072072072072,Large,trivia_qa,Mistral-7B-v0.3-8bit
middle_peak,0.6967567567567567,Large,trivia_qa,Mistral-7B-v0.3-8bit
only_middle,0.6698198198198199,Large,trivia_qa,Mistral-7B-v0.3-8bit
only_end,0.6567567567567567,Large,trivia_qa,Mistral-7B-v0.3-8bit
hybrid_middle_sar_70,0.6034836065573771,Large,trivia_qa,Qwen3-8B
only_middle,0.5997001499250374,Large,trivia_qa,Qwen3-8B
hybrid_middle_sar_50,0.5881147540983607,Large,trivia_qa,Qwen3-8B
hybrid_gaussian_sar_70,0.5850409836065574,Large,trivia_qa,Qwen3-8B
unweight_end,0.5802098950524738,Large,trivia_qa,Qwen3-8B
middle_peak,0.5755968169761273,Large,trivia_qa,Qwen3-8B
only_beginning,0.5721370084188675,Large,trivia_qa,Qwen3-8B
hybrid_gaussian_sar_50,0.5717213114754098,Large,trivia_qa,Qwen3-8B
sar_relevance,0.5543032786885246,Large,trivia_qa,Qwen3-8B
quadratic_decreasing,0.5518394648829431,Large,trivia_qa,Qwen3-8B
negate_last_20pct,0.5473417137585054,Large,trivia_qa,Qwen3-8B
negate_last_3,0.5466497520470535,Large,trivia_qa,Qwen3-8B
exponential_decreasing,0.5461884442394188,Large,trivia_qa,Qwen3-8B
gaussian_middle,0.5453811555760582,Large,trivia_qa,Qwen3-8B
linear_decreasing,0.5449198477684235,Large,trivia_qa,Qwen3-8B
nll_cubic_middle_focus,0.5391535001729904,Large,trivia_qa,Qwen3-8B
negate_first_3,0.5350017299042786,Large,trivia_qa,Qwen3-8B
confidence_proportional,0.5333871525775573,Large,trivia_qa,Qwen3-8B
negate_last_5,0.5326951908661054,Large,trivia_qa,Qwen3-8B
nll_squared_middle_focus,0.5195479183485181,Large,trivia_qa,Qwen3-8B
negate_first_20pct,0.5173567062622535,Large,trivia_qa,Qwen3-8B
low_uncertainty_only,0.5122823203782724,Large,trivia_qa,Qwen3-8B
uniform,0.5081305501095607,Large,trivia_qa,Qwen3-8B
nll_quartic,0.5009802790912236,Large,trivia_qa,Qwen3-8B
nll_quintic,0.5009802790912236,Large,trivia_qa,Qwen3-8B
unweight_beginning,0.499481028716411,Large,trivia_qa,Qwen3-8B
nll_squared_negate_end,0.4993657017645024,Large,trivia_qa,Qwen3-8B
high_uncertainty_only,0.4979817783415984,Large,trivia_qa,Qwen3-8B
nll_cubic,0.4960212201591512,Large,trivia_qa,Qwen3-8B
recency_bias,0.4910621612270787,Large,trivia_qa,Qwen3-8B
linear_increasing,0.4882943143812709,Large,trivia_qa,Qwen3-8B
nll_cubic_negate_end,0.4854111405835544,Large,trivia_qa,Qwen3-8B
last_k,0.4821819859301118,Large,trivia_qa,Qwen3-8B
unweight_middle,0.4802214277476647,Large,trivia_qa,Qwen3-8B
first_k,0.479414139084304,Large,trivia_qa,Qwen3-8B
edges_peak,0.4781455426133087,Large,trivia_qa,Qwen3-8B
exponential_increasing,0.4753776957675009,Large,trivia_qa,Qwen3-8B
quadratic_increasing,0.4731864836812363,Large,trivia_qa,Qwen3-8B
first_last_k,0.4623457502018221,Large,trivia_qa,Qwen3-8B
surprisal,0.4609618267789181,Large,trivia_qa,Qwen3-8B
only_end,0.4468919386460616,Large,trivia_qa,Qwen3-8B
nll_proportional,0.4246338369276899,Large,trivia_qa,Qwen3-8B
nll_sqrt,0.4051435820551263,Large,trivia_qa,Qwen3-8B
nll_cubic_negate_end,0.6495456934745063,Small,coqa,Llama-3.2-1B
nll_squared_negate_end,0.6464669219794248,Small,coqa,Llama-3.2-1B
nll_quintic,0.6459412780656305,Small,coqa,Llama-3.2-1B
nll_cubic_middle_focus,0.6435133037971514,Small,coqa,Llama-3.2-1B
nll_quartic,0.641410728141974,Small,coqa,Llama-3.2-1B
nll_cubic,0.6374058221321119,Small,coqa,Llama-3.2-1B
nll_squared_middle_focus,0.6311982178168256,Small,coqa,Llama-3.2-1B
nll_proportional,0.6311731871542641,Small,coqa,Llama-3.2-1B
nll_sqrt,0.6025130785211885,Small,coqa,Llama-3.2-1B
surprisal,0.5752296563290031,Small,coqa,Llama-3.2-1B
first_last_k,0.5721508848339216,Small,coqa,Llama-3.2-1B
high_uncertainty_only,0.5684964080999224,Small,coqa,Llama-3.2-1B
quadratic_decreasing,0.5599859828289655,Small,coqa,Llama-3.2-1B
unweight_end,0.5585592350629521,Small,coqa,Llama-3.2-1B
exponential_decreasing,0.5581086831368427,Small,coqa,Llama-3.2-1B
first_k,0.5572576406097469,Small,coqa,Llama-3.2-1B
linear_decreasing,0.5541538384521039,Small,coqa,Llama-3.2-1B
edges_peak,0.5462191184200645,Small,coqa,Llama-3.2-1B
negate_first_3,0.5454431678806538,Small,coqa,Llama-3.2-1B
negate_last_20pct,0.5450426772796676,Small,coqa,Llama-3.2-1B
uniform,0.5400615754299016,Small,coqa,Llama-3.2-1B
only_beginning,0.5397111461540387,Small,coqa,Llama-3.2-1B
unweight_middle,0.5368826812845736,Small,coqa,Llama-3.2-1B
last_k,0.5364321293584641,Small,coqa,Llama-3.2-1B
gaussian_middle,0.5347550749668344,Small,coqa,Llama-3.2-1B
only_middle,0.5337788791269305,Small,coqa,Llama-3.2-1B
middle_peak,0.5317263647968761,Small,coqa,Llama-3.2-1B
negate_last_3,0.5293985131786438,Small,coqa,Llama-3.2-1B
negate_first_20pct,0.5264699256589322,Small,coqa,Llama-3.2-1B
low_uncertainty_only,0.5264448949963705,Small,coqa,Llama-3.2-1B
negate_last_5,0.5251683312057269,Small,coqa,Llama-3.2-1B
linear_increasing,0.5208880879076869,Small,coqa,Llama-3.2-1B
exponential_increasing,0.5127280919125929,Small,coqa,Llama-3.2-1B
unweight_beginning,0.511751896072689,Small,coqa,Llama-3.2-1B
quadratic_increasing,0.5088483392155391,Small,coqa,Llama-3.2-1B
confidence_proportional,0.5048184025431153,Small,coqa,Llama-3.2-1B
recency_bias,0.5027408575504994,Small,coqa,Llama-3.2-1B
only_end,0.4852444244199143,Small,coqa,Llama-3.2-1B
hybrid_middle_sar_70,0.4224965706447187,Small,coqa,Llama-3.2-1B
hybrid_middle_sar_50,0.4156378600823045,Small,coqa,Llama-3.2-1B
hybrid_gaussian_sar_70,0.4080932784636488,Small,coqa,Llama-3.2-1B
hybrid_gaussian_sar_50,0.4080932784636488,Small,coqa,Llama-3.2-1B
sar_relevance,0.4039780521262002,Small,coqa,Llama-3.2-1B
edges_peak,0.734886566132078,Small,coqa,Ministral-3-3B-Instruct-2512-BF16
exponential_decreasing,0.7335567435304131,Small,coqa,Ministral-3-3B-Instruct-2512-BF16
quadratic_decreasing,0.7327056570653474,Small,coqa,Ministral-3-3B-Instruct-2512-BF16
linear_decreasing,0.7324662889970478,Small,coqa,Ministral-3-3B-Instruct-2512-BF16
first_k,0.7273863666586877,Small,coqa,Ministral-3-3B-Instruct-2512-BF16
only_beginning,0.7272001914944546,Small,coqa,Ministral-3-3B-Instruct-2512-BF16
first_last_k,0.7256044043724567,Small,coqa,Ministral-3-3B-Instruct-2512-BF16
unweight_middle,0.7253384398521238,Small,coqa,Ministral-3-3B-Instruct-2512-BF16
low_uncertainty_only,0.7250724753317908,Small,coqa,Ministral-3-3B-Instruct-2512-BF16
uniform,0.7240884066065588,Small,coqa,Ministral-3-3B-Instruct-2512-BF16
unweight_end,0.7240086172504587,Small,coqa,Ministral-3-3B-Instruct-2512-BF16
negate_last_3,0.718769116199899,Small,coqa,Ministral-3-3B-Instruct-2512-BF16
confidence_proportional,0.7187425197478656,Small,coqa,Ministral-3-3B-Instruct-2512-BF16
high_uncertainty_only,0.7171467326258678,Small,coqa,Ministral-3-3B-Instruct-2512-BF16
negate_last_20pct,0.7165350142291018,Small,coqa,Ministral-3-3B-Instruct-2512-BF16
nll_sqrt,0.7147796483949042,Small,coqa,Ministral-3-3B-Instruct-2512-BF16
surprisal,0.7141413335461049,Small,coqa,Ministral-3-3B-Instruct-2512-BF16
negate_last_5,0.713609404505439,Small,coqa,Ministral-3-3B-Instruct-2512-BF16
last_k,0.7122529854517407,Small,coqa,Ministral-3-3B-Instruct-2512-BF16
negate_first_3,0.7092741828240112,Small,coqa,Ministral-3-3B-Instruct-2512-BF16
gaussian_middle,0.7086890608792786,Small,coqa,Ministral-3-3B-Instruct-2512-BF16
recency_bias,0.708369903454879,Small,coqa,Ministral-3-3B-Instruct-2512-BF16
nll_proportional,0.707119870209314,Small,coqa,Ministral-3-3B-Instruct-2512-BF16
negate_first_20pct,0.7044868214580174,Small,coqa,Ministral-3-3B-Instruct-2512-BF16
nll_quintic,0.7039814888693848,Small,coqa,Ministral-3-3B-Instruct-2512-BF16
nll_quartic,0.7036091385409187,Small,coqa,Ministral-3-3B-Instruct-2512-BF16
nll_cubic,0.7033431740205857,Small,coqa,Ministral-3-3B-Instruct-2512-BF16
linear_increasing,0.6998324423521902,Small,coqa,Ministral-3-3B-Instruct-2512-BF16
exponential_increasing,0.6975451474773264,Small,coqa,Ministral-3-3B-Instruct-2512-BF16
quadratic_increasing,0.6940078193568977,Small,coqa,Ministral-3-3B-Instruct-2512-BF16
middle_peak,0.6938216441926648,Small,coqa,Ministral-3-3B-Instruct-2512-BF16
nll_squared_negate_end,0.6921194712625336,Small,coqa,Ministral-3-3B-Instruct-2512-BF16
nll_cubic_middle_focus,0.6918801031942339,Small,coqa,Ministral-3-3B-Instruct-2512-BF16
unweight_beginning,0.6910024202771351,Small,coqa,Ministral-3-3B-Instruct-2512-BF16
nll_squared_middle_focus,0.690550280592569,Small,coqa,Ministral-3-3B-Instruct-2512-BF16
nll_cubic_negate_end,0.689938562195803,Small,coqa,Ministral-3-3B-Instruct-2512-BF16
sar_relevance,0.6753246753246753,Small,coqa,Ministral-3-3B-Instruct-2512-BF16
only_end,0.6746721987286897,Small,coqa,Ministral-3-3B-Instruct-2512-BF16
hybrid_gaussian_sar_50,0.6666666666666666,Small,coqa,Ministral-3-3B-Instruct-2512-BF16
only_middle,0.6658687731056677,Small,coqa,Ministral-3-3B-Instruct-2512-BF16
hybrid_gaussian_sar_70,0.6645021645021645,Small,coqa,Ministral-3-3B-Instruct-2512-BF16
hybrid_middle_sar_50,0.6634199134199135,Small,coqa,Ministral-3-3B-Instruct-2512-BF16
hybrid_middle_sar_70,0.6471861471861472,Small,coqa,Ministral-3-3B-Instruct-2512-BF16
sar_relevance,1.0,Small,coqa,Qwen2.5-1.5B
hybrid_middle_sar_50,1.0,Small,coqa,Qwen2.5-1.5B
hybrid_gaussian_sar_50,1.0,Small,coqa,Qwen2.5-1.5B
hybrid_middle_sar_70,1.0,Small,coqa,Qwen2.5-1.5B
hybrid_gaussian_sar_70,1.0,Small,coqa,Qwen2.5-1.5B
exponential_decreasing,0.7328645833333334,Small,coqa,Qwen2.5-1.5B
quadratic_decreasing,0.7326041666666667,Small,coqa,Qwen2.5-1.5B
linear_decreasing,0.7319270833333333,Small,coqa,Qwen2.5-1.5B
edges_peak,0.7305989583333334,Small,coqa,Qwen2.5-1.5B
high_uncertainty_only,0.7283854166666668,Small,coqa,Qwen2.5-1.5B
nll_sqrt,0.7258333333333333,Small,coqa,Qwen2.5-1.5B
unweight_middle,0.7233333333333334,Small,coqa,Qwen2.5-1.5B
uniform,0.7232812500000001,Small,coqa,Qwen2.5-1.5B
surprisal,0.7219270833333333,Small,coqa,Qwen2.5-1.5B
unweight_end,0.7209895833333333,Small,coqa,Qwen2.5-1.5B
negate_last_20pct,0.719375,Small,coqa,Qwen2.5-1.5B
low_uncertainty_only,0.7152864583333334,Small,coqa,Qwen2.5-1.5B
first_k,0.7143489583333333,Small,coqa,Qwen2.5-1.5B
negate_last_3,0.7128645833333334,Small,coqa,Qwen2.5-1.5B
nll_proportional,0.7116145833333333,Small,coqa,Qwen2.5-1.5B
first_last_k,0.7115885416666667,Small,coqa,Qwen2.5-1.5B
nll_cubic_middle_focus,0.7110677083333334,Small,coqa,Qwen2.5-1.5B
only_beginning,0.7102604166666667,Small,coqa,Qwen2.5-1.5B
nll_squared_middle_focus,0.7097395833333333,Small,coqa,Qwen2.5-1.5B
nll_squared_negate_end,0.7091406250000001,Small,coqa,Qwen2.5-1.5B
nll_cubic_negate_end,0.7088802083333332,Small,coqa,Qwen2.5-1.5B
negate_first_3,0.7073437499999999,Small,coqa,Qwen2.5-1.5B
confidence_proportional,0.7071354166666667,Small,coqa,Qwen2.5-1.5B
gaussian_middle,0.7068229166666669,Small,coqa,Qwen2.5-1.5B
nll_quintic,0.7035937499999999,Small,coqa,Qwen2.5-1.5B
nll_quartic,0.7020052083333332,Small,coqa,Qwen2.5-1.5B
nll_cubic,0.6998177083333333,Small,coqa,Qwen2.5-1.5B
last_k,0.6994791666666667,Small,coqa,Qwen2.5-1.5B
middle_peak,0.6966927083333334,Small,coqa,Qwen2.5-1.5B
negate_last_5,0.6965104166666667,Small,coqa,Qwen2.5-1.5B
recency_bias,0.6962239583333334,Small,coqa,Qwen2.5-1.5B
linear_increasing,0.6948177083333333,Small,coqa,Qwen2.5-1.5B
negate_first_20pct,0.6920052083333332,Small,coqa,Qwen2.5-1.5B
exponential_increasing,0.6898958333333334,Small,coqa,Qwen2.5-1.5B
quadratic_increasing,0.68671875,Small,coqa,Qwen2.5-1.5B
unweight_beginning,0.6849479166666668,Small,coqa,Qwen2.5-1.5B
only_end,0.6720052083333333,Small,coqa,Qwen2.5-1.5B
only_middle,0.6661979166666667,Small,coqa,Qwen2.5-1.5B
nll_quintic,0.6464323748668797,Small,squad,Llama-3.2-1B
nll_quartic,0.64459623223532,Small,squad,Llama-3.2-1B
nll_cubic,0.6429804267195476,Small,squad,Llama-3.2-1B
nll_cubic_negate_end,0.6391245271932724,Small,squad,Llama-3.2-1B
nll_squared_negate_end,0.6357093018985716,Small,squad,Llama-3.2-1B
nll_cubic_middle_focus,0.6356358561933091,Small,squad,Llama-3.2-1B
nll_proportional,0.6313025595828284,Small,squad,Llama-3.2-1B
nll_squared_middle_focus,0.6297234769196872,Small,squad,Llama-3.2-1B
nll_sqrt,0.6069185854357166,Small,squad,Llama-3.2-1B
surprisal,0.5918254930042965,Small,squad,Llama-3.2-1B
first_last_k,0.586941353604348,Small,squad,Llama-3.2-1B
quadratic_decreasing,0.586170173699093,Small,squad,Llama-3.2-1B
exponential_decreasing,0.5853989937938379,Small,squad,Llama-3.2-1B
linear_decreasing,0.5811758657412508,Small,squad,Llama-3.2-1B
high_uncertainty_only,0.5799640116044216,Small,squad,Llama-3.2-1B
unweight_end,0.5762550034886711,Small,squad,Llama-3.2-1B
first_k,0.5759979435202527,Small,squad,Llama-3.2-1B
last_k,0.5751533179097352,Small,squad,Llama-3.2-1B
only_beginning,0.5743821380044802,Small,squad,Llama-3.2-1B
negate_first_3,0.5714443097939848,Small,squad,Llama-3.2-1B
uniform,0.5679556387940216,Small,squad,Llama-3.2-1B
edges_peak,0.5671844588887665,Small,squad,Llama-3.2-1B
unweight_middle,0.5663765561308802,Small,squad,Llama-3.2-1B
low_uncertainty_only,0.5663398332782491,Small,squad,Llama-3.2-1B
negate_last_20pct,0.5657522676361499,Small,squad,Llama-3.2-1B
gaussian_middle,0.563659065036172,Small,squad,Llama-3.2-1B
middle_peak,0.5599500569204215,Small,squad,Llama-3.2-1B
negate_last_5,0.5591788770151666,Small,squad,Llama-3.2-1B
only_middle,0.5533399434468069,Small,squad,Llama-3.2-1B
negate_last_3,0.5525320406889207,Small,squad,Llama-3.2-1B
negate_first_20pct,0.548382358341596,Small,squad,Llama-3.2-1B
linear_increasing,0.5465829385626675,Small,squad,Llama-3.2-1B
confidence_proportional,0.5450405787521575,Small,squad,Llama-3.2-1B
unweight_beginning,0.5446733502258456,Small,squad,Llama-3.2-1B
exponential_increasing,0.5377694539311814,Small,squad,Llama-3.2-1B
quadratic_increasing,0.5327384231207081,Small,squad,Llama-3.2-1B
only_end,0.5238147699313283,Small,squad,Llama-3.2-1B
hybrid_middle_sar_70,0.5223214285714286,Small,squad,Llama-3.2-1B
recency_bias,0.5181227277734934,Small,squad,Llama-3.2-1B
sar_relevance,0.5178571428571428,Small,squad,Llama-3.2-1B
hybrid_gaussian_sar_70,0.5133928571428572,Small,squad,Llama-3.2-1B
hybrid_middle_sar_50,0.5089285714285714,Small,squad,Llama-3.2-1B
hybrid_gaussian_sar_50,0.5044642857142857,Small,squad,Llama-3.2-1B
last_k,0.78369140625,Small,squad,Ministral-3-3B-Instruct-2512-BF16
first_last_k,0.7817382812499999,Small,squad,Ministral-3-3B-Instruct-2512-BF16
edges_peak,0.7659505208333334,Small,squad,Ministral-3-3B-Instruct-2512-BF16
unweight_middle,0.7490234374999999,Small,squad,Ministral-3-3B-Instruct-2512-BF16
exponential_increasing,0.7379557291666666,Small,squad,Ministral-3-3B-Instruct-2512-BF16
quadratic_increasing,0.7376302083333333,Small,squad,Ministral-3-3B-Instruct-2512-BF16
high_uncertainty_only,0.73193359375,Small,squad,Ministral-3-3B-Instruct-2512-BF16
uniform,0.7306315104166666,Small,squad,Ministral-3-3B-Instruct-2512-BF16
low_uncertainty_only,0.72998046875,Small,squad,Ministral-3-3B-Instruct-2512-BF16
linear_increasing,0.7291666666666667,Small,squad,Ministral-3-3B-Instruct-2512-BF16
recency_bias,0.728515625,Small,squad,Ministral-3-3B-Instruct-2512-BF16
negate_first_20pct,0.7281901041666666,Small,squad,Ministral-3-3B-Instruct-2512-BF16
surprisal,0.7277018229166666,Small,squad,Ministral-3-3B-Instruct-2512-BF16
first_k,0.7272135416666667,Small,squad,Ministral-3-3B-Instruct-2512-BF16
only_end,0.7270507812500001,Small,squad,Ministral-3-3B-Instruct-2512-BF16
confidence_proportional,0.7255859375,Small,squad,Ministral-3-3B-Instruct-2512-BF16
nll_sqrt,0.7184244791666666,Small,squad,Ministral-3-3B-Instruct-2512-BF16
unweight_beginning,0.71826171875,Small,squad,Ministral-3-3B-Instruct-2512-BF16
negate_first_3,0.7161458333333333,Small,squad,Ministral-3-3B-Instruct-2512-BF16
nll_proportional,0.7130533854166666,Small,squad,Ministral-3-3B-Instruct-2512-BF16
exponential_decreasing,0.7073567708333334,Small,squad,Ministral-3-3B-Instruct-2512-BF16
negate_last_3,0.7070312500000001,Small,squad,Ministral-3-3B-Instruct-2512-BF16
linear_decreasing,0.7062174479166667,Small,squad,Ministral-3-3B-Instruct-2512-BF16
gaussian_middle,0.7045898437500001,Small,squad,Ministral-3-3B-Instruct-2512-BF16
quadratic_decreasing,0.7034505208333334,Small,squad,Ministral-3-3B-Instruct-2512-BF16
nll_cubic_negate_end,0.7003580729166666,Small,squad,Ministral-3-3B-Instruct-2512-BF16
nll_squared_negate_end,0.69921875,Small,squad,Ministral-3-3B-Instruct-2512-BF16
nll_cubic_middle_focus,0.6984049479166667,Small,squad,Ministral-3-3B-Instruct-2512-BF16
nll_squared_middle_focus,0.697265625,Small,squad,Ministral-3-3B-Instruct-2512-BF16
negate_last_20pct,0.6969401041666666,Small,squad,Ministral-3-3B-Instruct-2512-BF16
only_beginning,0.6964518229166667,Small,squad,Ministral-3-3B-Instruct-2512-BF16
unweight_end,0.69287109375,Small,squad,Ministral-3-3B-Instruct-2512-BF16
negate_last_5,0.6910807291666667,Small,squad,Ministral-3-3B-Instruct-2512-BF16
nll_cubic,0.6883138020833333,Small,squad,Ministral-3-3B-Instruct-2512-BF16
nll_quartic,0.685546875,Small,squad,Ministral-3-3B-Instruct-2512-BF16
middle_peak,0.6845703125,Small,squad,Ministral-3-3B-Instruct-2512-BF16
nll_quintic,0.6827799479166666,Small,squad,Ministral-3-3B-Instruct-2512-BF16
only_middle,0.6725260416666666,Small,squad,Ministral-3-3B-Instruct-2512-BF16
sar_relevance,,Small,squad,Ministral-3-3B-Instruct-2512-BF16
hybrid_middle_sar_50,,Small,squad,Ministral-3-3B-Instruct-2512-BF16
hybrid_gaussian_sar_50,,Small,squad,Ministral-3-3B-Instruct-2512-BF16
hybrid_middle_sar_70,,Small,squad,Ministral-3-3B-Instruct-2512-BF16
hybrid_gaussian_sar_70,,Small,squad,Ministral-3-3B-Instruct-2512-BF16
nll_proportional,0.6272902603664415,Small,squad,Qwen2.5-1.5B
surprisal,0.6265670202507232,Small,squad,Qwen2.5-1.5B
high_uncertainty_only,0.6249598199935712,Small,squad,Qwen2.5-1.5B
sar_relevance,,Small,squad,Qwen2.5-1.5B
hybrid_middle_sar_50,,Small,squad,Qwen2.5-1.5B
hybrid_gaussian_sar_50,,Small,squad,Qwen2.5-1.5B
hybrid_middle_sar_70,,Small,squad,Qwen2.5-1.5B
hybrid_gaussian_sar_70,,Small,squad,Qwen2.5-1.5B
nll_sqrt,0.6216650594664095,Small,squad,Qwen2.5-1.5B
nll_squared_middle_focus,0.6182095789135326,Small,squad,Qwen2.5-1.5B
low_uncertainty_only,0.617325618772099,Small,squad,Qwen2.5-1.5B
nll_cubic,0.616923818707811,Small,squad,Qwen2.5-1.5B
nll_cubic_middle_focus,0.6153969784635165,Small,squad,Qwen2.5-1.5B
nll_quartic,0.6146737383477981,Small,squad,Qwen2.5-1.5B
linear_decreasing,0.6140308582449374,Small,squad,Qwen2.5-1.5B
nll_quintic,0.6135486981677917,Small,squad,Qwen2.5-1.5B
uniform,0.6125843780135005,Small,squad,Qwen2.5-1.5B
exponential_decreasing,0.6096914175506268,Small,squad,Qwen2.5-1.5B
first_k,0.6086467373834781,Small,squad,Qwen2.5-1.5B
quadratic_decreasing,0.6080038572806172,Small,squad,Qwen2.5-1.5B
negate_last_3,0.6073609771777565,Small,squad,Qwen2.5-1.5B
gaussian_middle,0.6062359369977499,Small,squad,Qwen2.5-1.5B
edges_peak,0.6040662166505948,Small,squad,Qwen2.5-1.5B
negate_first_20pct,0.6035036965605916,Small,squad,Qwen2.5-1.5B
negate_first_3,0.6034233365477338,Small,squad,Qwen2.5-1.5B
negate_last_5,0.6019768563162969,Small,squad,Qwen2.5-1.5B
unweight_end,0.6018964963034394,Small,squad,Qwen2.5-1.5B
middle_peak,0.5949051751848281,Small,squad,Qwen2.5-1.5B
recency_bias,0.5918514946962392,Small,squad,Qwen2.5-1.5B
negate_last_20pct,0.5909675345548056,Small,squad,Qwen2.5-1.5B
first_last_k,0.5903246544519446,Small,squad,Qwen2.5-1.5B
nll_cubic_negate_end,0.5895210543233688,Small,squad,Qwen2.5-1.5B
nll_squared_negate_end,0.5883960141433623,Small,squad,Qwen2.5-1.5B
unweight_middle,0.5875120540019286,Small,squad,Qwen2.5-1.5B
confidence_proportional,0.5865477338476375,Small,squad,Qwen2.5-1.5B
unweight_beginning,0.5834940533590486,Small,squad,Qwen2.5-1.5B
linear_increasing,0.5819672131147541,Small,squad,Qwen2.5-1.5B
exponential_increasing,0.5727258116361299,Small,squad,Qwen2.5-1.5B
quadratic_increasing,0.5711186113789779,Small,squad,Qwen2.5-1.5B
only_middle,0.5711186113789778,Small,squad,Qwen2.5-1.5B
last_k,0.5671809707489552,Small,squad,Qwen2.5-1.5B
only_beginning,0.5658952105432337,Small,squad,Qwen2.5-1.5B
only_end,0.5546448087431693,Small,squad,Qwen2.5-1.5B
nll_quintic,0.7474456064430821,Small,trivia_qa,Llama-3.2-1B
nll_quartic,0.7453119365308332,Small,trivia_qa,Llama-3.2-1B
nll_cubic,0.7429078014184398,Small,trivia_qa,Llama-3.2-1B
nll_cubic_negate_end,0.7381896862603678,Small,trivia_qa,Llama-3.2-1B
nll_squared_negate_end,0.7335917778579157,Small,trivia_qa,Llama-3.2-1B
nll_proportional,0.7293244380334175,Small,trivia_qa,Llama-3.2-1B
nll_cubic_middle_focus,0.7041110710421926,Small,trivia_qa,Llama-3.2-1B
nll_squared_middle_focus,0.6947349441038586,Small,trivia_qa,Llama-3.2-1B
nll_sqrt,0.6869515566774853,Small,trivia_qa,Llama-3.2-1B
only_beginning,0.6671474936891453,Small,trivia_qa,Llama-3.2-1B
quadratic_decreasing,0.6655547541771848,Small,trivia_qa,Llama-3.2-1B
exponential_decreasing,0.6605962255078734,Small,trivia_qa,Llama-3.2-1B
surprisal,0.6599350883519655,Small,trivia_qa,Llama-3.2-1B
first_k,0.6501983411467726,Small,trivia_qa,Llama-3.2-1B
high_uncertainty_only,0.6450595023440318,Small,trivia_qa,Llama-3.2-1B
linear_decreasing,0.6443082101214088,Small,trivia_qa,Llama-3.2-1B
first_last_k,0.6332491886043996,Small,trivia_qa,Llama-3.2-1B
unweight_end,0.6303341747806228,Small,trivia_qa,Llama-3.2-1B
edges_peak,0.6225808390431543,Small,trivia_qa,Llama-3.2-1B
unweight_middle,0.6177124654405577,Small,trivia_qa,Llama-3.2-1B
negate_last_20pct,0.610439956725568,Small,trivia_qa,Llama-3.2-1B
uniform,0.6065632888568337,Small,trivia_qa,Llama-3.2-1B
negate_last_5,0.6056917898785912,Small,trivia_qa,Llama-3.2-1B
low_uncertainty_only,0.601093881476139,Small,trivia_qa,Llama-3.2-1B
negate_last_3,0.6001021757422766,Small,trivia_qa,Llama-3.2-1B
last_k,0.5874504147133068,Small,trivia_qa,Llama-3.2-1B
gaussian_middle,0.5868794326241135,Small,trivia_qa,Llama-3.2-1B
negate_first_3,0.5859778819569659,Small,trivia_qa,Llama-3.2-1B
negate_first_20pct,0.5678266618583965,Small,trivia_qa,Llama-3.2-1B
middle_peak,0.5620266858997476,Small,trivia_qa,Llama-3.2-1B
confidence_proportional,0.5518992667387908,Small,trivia_qa,Llama-3.2-1B
linear_increasing,0.551779059983171,Small,trivia_qa,Llama-3.2-1B
hybrid_middle_sar_70,0.5412280701754386,Small,trivia_qa,Llama-3.2-1B
only_middle,0.5342889770405097,Small,trivia_qa,Llama-3.2-1B
exponential_increasing,0.532726289217454,Small,trivia_qa,Llama-3.2-1B
unweight_beginning,0.5321252554393556,Small,trivia_qa,Llama-3.2-1B
hybrid_middle_sar_50,0.5263157894736842,Small,trivia_qa,Llama-3.2-1B
hybrid_gaussian_sar_70,0.5228070175438596,Small,trivia_qa,Llama-3.2-1B
quadratic_increasing,0.52157711263373,Small,trivia_qa,Llama-3.2-1B
hybrid_gaussian_sar_50,0.5114035087719299,Small,trivia_qa,Llama-3.2-1B
sar_relevance,0.5,Small,trivia_qa,Llama-3.2-1B
only_end,0.4890912369275153,Small,trivia_qa,Llama-3.2-1B
recency_bias,0.4778218535881717,Small,trivia_qa,Llama-3.2-1B
last_k,0.8447690217391305,Small,trivia_qa,Ministral-3-3B-Instruct-2512-BF16
first_last_k,0.8423063858695653,Small,trivia_qa,Ministral-3-3B-Instruct-2512-BF16
edges_peak,0.8338994565217391,Small,trivia_qa,Ministral-3-3B-Instruct-2512-BF16
quadratic_increasing,0.832625679347826,Small,trivia_qa,Ministral-3-3B-Instruct-2512-BF16
exponential_increasing,0.8319463315217392,Small,trivia_qa,Ministral-3-3B-Instruct-2512-BF16
unweight_middle,0.8263417119565218,Small,trivia_qa,Ministral-3-3B-Instruct-2512-BF16
recency_bias,0.8260869565217391,Small,trivia_qa,Ministral-3-3B-Instruct-2512-BF16
linear_increasing,0.8254925271739131,Small,trivia_qa,Ministral-3-3B-Instruct-2512-BF16
low_uncertainty_only,0.8237941576086956,Small,trivia_qa,Ministral-3-3B-Instruct-2512-BF16
only_end,0.8208220108695653,Small,trivia_qa,Ministral-3-3B-Instruct-2512-BF16
confidence_proportional,0.8199728260869567,Small,trivia_qa,Ministral-3-3B-Instruct-2512-BF16
uniform,0.8179347826086957,Small,trivia_qa,Ministral-3-3B-Instruct-2512-BF16
unweight_beginning,0.8175951086956522,Small,trivia_qa,Ministral-3-3B-Instruct-2512-BF16
negate_first_20pct,0.8140285326086956,Small,trivia_qa,Ministral-3-3B-Instruct-2512-BF16
negate_first_3,0.8121603260869564,Small,trivia_qa,Ministral-3-3B-Instruct-2512-BF16
high_uncertainty_only,0.8068953804347827,Small,trivia_qa,Ministral-3-3B-Instruct-2512-BF16
gaussian_middle,0.7999320652173912,Small,trivia_qa,Ministral-3-3B-Instruct-2512-BF16
negate_last_5,0.7984035326086956,Small,trivia_qa,Ministral-3-3B-Instruct-2512-BF16
surprisal,0.7982336956521738,Small,trivia_qa,Ministral-3-3B-Instruct-2512-BF16
first_k,0.7933933423913043,Small,trivia_qa,Ministral-3-3B-Instruct-2512-BF16
negate_last_3,0.792374320652174,Small,trivia_qa,Ministral-3-3B-Instruct-2512-BF16
nll_quintic,0.7900815217391305,Small,trivia_qa,Ministral-3-3B-Instruct-2512-BF16
nll_sqrt,0.7886379076086957,Small,trivia_qa,Ministral-3-3B-Instruct-2512-BF16
nll_quartic,0.7880434782608696,Small,trivia_qa,Ministral-3-3B-Instruct-2512-BF16
middle_peak,0.7838824728260869,Small,trivia_qa,Ministral-3-3B-Instruct-2512-BF16
linear_decreasing,0.7835427989130435,Small,trivia_qa,Ministral-3-3B-Instruct-2512-BF16
nll_cubic,0.7835427989130435,Small,trivia_qa,Ministral-3-3B-Instruct-2512-BF16
negate_last_20pct,0.7802309782608695,Small,trivia_qa,Ministral-3-3B-Instruct-2512-BF16
nll_cubic_middle_focus,0.7797214673913044,Small,trivia_qa,Ministral-3-3B-Instruct-2512-BF16
nll_proportional,0.7795516304347827,Small,trivia_qa,Ministral-3-3B-Instruct-2512-BF16
nll_squared_middle_focus,0.7776834239130435,Small,trivia_qa,Ministral-3-3B-Instruct-2512-BF16
exponential_decreasing,0.7735224184782609,Small,trivia_qa,Ministral-3-3B-Instruct-2512-BF16
nll_cubic_negate_end,0.7684273097826088,Small,trivia_qa,Ministral-3-3B-Instruct-2512-BF16
quadratic_decreasing,0.7652004076086957,Small,trivia_qa,Ministral-3-3B-Instruct-2512-BF16
sar_relevance,0.762962962962963,Small,trivia_qa,Ministral-3-3B-Instruct-2512-BF16
nll_squared_negate_end,0.7621433423913044,Small,trivia_qa,Ministral-3-3B-Instruct-2512-BF16
unweight_end,0.7583220108695652,Small,trivia_qa,Ministral-3-3B-Instruct-2512-BF16
hybrid_gaussian_sar_50,0.7407407407407407,Small,trivia_qa,Ministral-3-3B-Instruct-2512-BF16
hybrid_gaussian_sar_70,0.7333333333333333,Small,trivia_qa,Ministral-3-3B-Instruct-2512-BF16
only_middle,0.7287703804347827,Small,trivia_qa,Ministral-3-3B-Instruct-2512-BF16
only_beginning,0.7260529891304348,Small,trivia_qa,Ministral-3-3B-Instruct-2512-BF16
hybrid_middle_sar_50,0.7259259259259259,Small,trivia_qa,Ministral-3-3B-Instruct-2512-BF16
hybrid_middle_sar_70,0.7074074074074074,Small,trivia_qa,Ministral-3-3B-Instruct-2512-BF16
nll_quintic,0.8084161931818182,Small,trivia_qa,Qwen2.5-1.5B
nll_quartic,0.8068181818181819,Small,trivia_qa,Qwen2.5-1.5B
nll_cubic,0.8065222537878788,Small,trivia_qa,Qwen2.5-1.5B
nll_proportional,0.8051017992424242,Small,trivia_qa,Qwen2.5-1.5B
surprisal,0.7982954545454547,Small,trivia_qa,Qwen2.5-1.5B
nll_sqrt,0.7936197916666667,Small,trivia_qa,Qwen2.5-1.5B
edges_peak,0.7796519886363636,Small,trivia_qa,Qwen2.5-1.5B
high_uncertainty_only,0.7736150568181818,Small,trivia_qa,Qwen2.5-1.5B
first_last_k,0.7726680871212122,Small,trivia_qa,Qwen2.5-1.5B
nll_cubic_negate_end,0.7720762310606062,Small,trivia_qa,Qwen2.5-1.5B
unweight_middle,0.7648555871212122,Small,trivia_qa,Qwen2.5-1.5B
low_uncertainty_only,0.7623697916666667,Small,trivia_qa,Qwen2.5-1.5B
uniform,0.7594105113636365,Small,trivia_qa,Qwen2.5-1.5B
first_k,0.7459161931818181,Small,trivia_qa,Qwen2.5-1.5B
recency_bias,0.7425426136363638,Small,trivia_qa,Qwen2.5-1.5B
nll_squared_negate_end,0.739464962121212,Small,trivia_qa,Qwen2.5-1.5B
exponential_decreasing,0.7321851325757576,Small,trivia_qa,Qwen2.5-1.5B
linear_decreasing,0.7300544507575758,Small,trivia_qa,Qwen2.5-1.5B
negate_first_3,0.7283380681818181,Small,trivia_qa,Qwen2.5-1.5B
quadratic_decreasing,0.7263257575757577,Small,trivia_qa,Qwen2.5-1.5B
linear_increasing,0.7246685606060606,Small,trivia_qa,Qwen2.5-1.5B
negate_first_20pct,0.7242542613636364,Small,trivia_qa,Qwen2.5-1.5B
gaussian_middle,0.7213541666666666,Small,trivia_qa,Qwen2.5-1.5B
unweight_end,0.7186316287878788,Small,trivia_qa,Qwen2.5-1.5B
confidence_proportional,0.7179805871212122,Small,trivia_qa,Qwen2.5-1.5B
last_k,0.7164417613636364,Small,trivia_qa,Qwen2.5-1.5B
exponential_increasing,0.7141335227272727,Small,trivia_qa,Qwen2.5-1.5B
only_beginning,0.7121212121212122,Small,trivia_qa,Qwen2.5-1.5B
quadratic_increasing,0.7102272727272728,Small,trivia_qa,Qwen2.5-1.5B
unweight_beginning,0.7102272727272727,Small,trivia_qa,Qwen2.5-1.5B
negate_last_3,0.7082149621212122,Small,trivia_qa,Qwen2.5-1.5B
negate_last_5,0.7042495265151515,Small,trivia_qa,Qwen2.5-1.5B
negate_last_20pct,0.703716856060606,Small,trivia_qa,Qwen2.5-1.5B
nll_cubic_middle_focus,0.7027698863636364,Small,trivia_qa,Qwen2.5-1.5B
nll_squared_middle_focus,0.6983901515151515,Small,trivia_qa,Qwen2.5-1.5B
middle_peak,0.6762547348484849,Small,trivia_qa,Qwen2.5-1.5B
only_end,0.6730587121212122,Small,trivia_qa,Qwen2.5-1.5B
only_middle,0.6554805871212122,Small,trivia_qa,Qwen2.5-1.5B
sar_relevance,0.5,Small,trivia_qa,Qwen2.5-1.5B
hybrid_middle_sar_50,0.5,Small,trivia_qa,Qwen2.5-1.5B
hybrid_gaussian_sar_50,0.5,Small,trivia_qa,Qwen2.5-1.5B
hybrid_middle_sar_70,0.5,Small,trivia_qa,Qwen2.5-1.5B
hybrid_gaussian_sar_70,0.5,Small,trivia_qa,Qwen2.5-1.5B
